{
    "personalities": {
      "ISTJ": {
        "name": "检查者",
        "description": "ISTJ类型的人以他们的现实主义、可靠性和责任感而著称。他们重视传统和稳定，喜欢按部就班地完成任务，注重细节，逻辑严谨。他们往往是可靠的执行者，喜欢在工作和生活中保持秩序和结构。"
      },
      "ISFJ": {
        "name": "保护者",
        "description": "ISFJ类型的人关心他人，重视和谐和稳定。他们有强烈的责任感和服务精神，喜欢帮助他人，并且常常是无私的奉献者。他们注重细节，有很强的组织能力，喜欢确保一切井井有条。"
      },
      "INFJ": {
        "name": "提倡者",
        "description": "INFJ类型的人富有理想主义和同情心，善于理解他人的情感和需求。他们有着强烈的价值观和使命感，往往致力于实现一个更美好的世界。他们思维深刻，具有创造力和洞察力。"
      },
      "INTJ": {
        "name": "建筑师",
        "description": "INTJ类型的人以他们的战略性思维和高效性著称。他们擅长规划和实施长期目标，善于分析复杂的问题并提出解决方案。他们独立、自信，喜欢挑战传统思维，追求卓越。"
      },
      "ISTP": {
        "name": "工匠",
        "description": "ISTP类型的人动手能力强，喜欢探索和解决实际问题。他们适应能力强，喜欢冒险和挑战，享受即时的刺激和变化。他们重视个人自由和独立，喜欢通过实践学习和理解世界。"
      },
      "ISFP": {
        "name": "探险家",
        "description": "ISFP类型的人富有感性和艺术性，喜欢表达自己的情感和创意。他们重视个人体验和感受，喜欢通过艺术、音乐和自然来丰富自己的生活。他们温柔、善良，喜欢以自己的方式追求生活的美好。"
      },
      "INFP": {
        "name": "调停者",
        "description": "INFP类型的人富有理想主义和同情心，关注内心的价值观和信仰。他们追求意义和真理，常常是敏感而富有创造力的梦想家。他们喜欢帮助他人，追求内心的和谐与平静。"
      },
      "INTP": {
        "name": "逻辑学家",
        "description": "INTP类型的人以他们的理性和分析能力著称。他们喜欢探索理论和概念，擅长解决复杂的抽象问题。他们独立、好奇，喜欢通过思考和学习来理解世界的运作原理。"
      },
      "ESTP": {
        "name": "企业家",
        "description": "ESTP类型的人充满活力和冒险精神，喜欢抓住机遇和挑战。他们善于应对突发情况，喜欢通过实践和经验来学习。他们直率、自信，喜欢与人互动，享受社交活动。"
      },
      "ESFP": {
        "name": "表演者",
        "description": "ESFP类型的人热情洋溢，喜欢享受生活的每一刻。他们富有感染力和娱乐精神，喜欢与他人分享快乐和体验。他们适应能力强，重视感官体验，喜欢通过实践和互动来感知世界。"
      },
      "ENFP": {
        "name": "竞选者",
        "description": "ENFP类型的人充满创意和热情，喜欢探索新奇的想法和可能性。他们富有同情心和感染力，善于激励和鼓舞他人。他们追求自由和灵活性，喜欢在充满活力和多样性的环境中工作。"
      },
      "ENTP": {
        "name": "辩论家",
        "description": "ENTP类型的人聪明、机智，喜欢挑战和辩论。他们擅长创新和解决问题，喜欢通过探索不同的观点来激发创意。他们自信、灵活，善于适应变化，喜欢在动态的环境中工作。"
      },
      "ESTJ": {
        "name": "管理者",
        "description": "ESTJ类型的人组织能力强，擅长管理和执行。他们重视秩序和规则，喜欢按计划行事，确保一切井井有条。他们务实、决断，善于解决实际问题，喜欢在团队中发挥领导作用。"
      },
      "ESFJ": {
        "name": "领事",
        "description": "ESFJ类型的人关心他人，重视和谐和人际关系。他们有很强的责任感和服务精神，喜欢帮助他人，确保周围的人感到舒适和被照顾。他们组织能力强，善于协调和管理。"
      },
      "ENFJ": {
        "name": "主人公",
        "description": "ENFJ类型的人富有同情心和领导力，善于激励和鼓舞他人。他们关注他人的需求和感受，致力于帮助他人实现潜力。他们有很强的组织能力和沟通技巧，喜欢在团队中发挥影响力。"
      },
      "ENTJ": {
        "name": "指挥官",
        "description": "ENTJ类型的人以他们的战略性思维和领导能力著称。他们擅长制定和执行计划，善于分析和解决复杂的问题。他们自信、果断，喜欢挑战和推动变革，追求卓越和成功。"
      }
    }
  }
  